CREATE SCHEMA IF NOT EXISTS content;


ALTER SCHEMA content OWNER TO postgres;

SET default_tablespace = '';

SET default_table_access_method = heap;

--
-- Name: film_work; Type: TABLE; Schema: content; Owner: postgres
--

CREATE TABLE content.film_work (
    id uuid NOT NULL,
    title text NOT NULL,
    description text,
    creation_date date,
    rating double precision,
    type text NOT NULL,
    created timestamp without time zone,
    modified timestamp without time zone
);


ALTER TABLE content.film_work OWNER TO postgres;

--
-- Name: genre; Type: TABLE; Schema: content; Owner: postgres
--

CREATE TABLE content.genre (
    id uuid NOT NULL,
    name text NOT NULL,
    description text,
    created timestamp without time zone,
    modified timestamp without time zone
);


ALTER TABLE content.genre OWNER TO postgres;

--
-- Name: genre_film_work; Type: TABLE; Schema: content; Owner: postgres
--

CREATE TABLE content.genre_film_work (
    id uuid NOT NULL,
    genre_id uuid NOT NULL,
    film_work_id uuid NOT NULL,
    created timestamp without time zone
);


ALTER TABLE content.genre_film_work OWNER TO postgres;

--
-- Name: person; Type: TABLE; Schema: content; Owner: postgres
--

CREATE TABLE content.person (
    id uuid NOT NULL,
    full_name text NOT NULL,
    created timestamp without time zone,
    modified timestamp without time zone
);


ALTER TABLE content.person OWNER TO postgres;

--
-- Name: person_film_work; Type: TABLE; Schema: content; Owner: postgres
--

CREATE TABLE content.person_film_work (
    id uuid NOT NULL,
    person_id uuid NOT NULL,
    film_work_id uuid NOT NULL,
    role text NOT NULL,
    created timestamp without time zone
);


ALTER TABLE content.person_film_work OWNER TO postgres;

--
-- Name: auth_group; Type: TABLE; Schema: public; Owner: postgres
--

CREATE TABLE public.auth_group (
    id integer NOT NULL,
    name character varying(150) NOT NULL
);


ALTER TABLE public.auth_group OWNER TO postgres;

--
-- Name: auth_group_id_seq; Type: SEQUENCE; Schema: public; Owner: postgres
--

ALTER TABLE public.auth_group ALTER COLUMN id ADD GENERATED BY DEFAULT AS IDENTITY (
    SEQUENCE NAME public.auth_group_id_seq
    START WITH 1
    INCREMENT BY 1
    NO MINVALUE
    NO MAXVALUE
    CACHE 1
);


--
-- Name: auth_group_permissions; Type: TABLE; Schema: public; Owner: postgres
--

CREATE TABLE public.auth_group_permissions (
    id bigint NOT NULL,
    group_id integer NOT NULL,
    permission_id integer NOT NULL
);


ALTER TABLE public.auth_group_permissions OWNER TO postgres;

--
-- Name: auth_group_permissions_id_seq; Type: SEQUENCE; Schema: public; Owner: postgres
--

ALTER TABLE public.auth_group_permissions ALTER COLUMN id ADD GENERATED BY DEFAULT AS IDENTITY (
    SEQUENCE NAME public.auth_group_permissions_id_seq
    START WITH 1
    INCREMENT BY 1
    NO MINVALUE
    NO MAXVALUE
    CACHE 1
);


--
-- Name: auth_permission; Type: TABLE; Schema: public; Owner: postgres
--

CREATE TABLE public.auth_permission (
    id integer NOT NULL,
    name character varying(255) NOT NULL,
    content_type_id integer NOT NULL,
    codename character varying(100) NOT NULL
);


ALTER TABLE public.auth_permission OWNER TO postgres;

--
-- Name: auth_permission_id_seq; Type: SEQUENCE; Schema: public; Owner: postgres
--

ALTER TABLE public.auth_permission ALTER COLUMN id ADD GENERATED BY DEFAULT AS IDENTITY (
    SEQUENCE NAME public.auth_permission_id_seq
    START WITH 1
    INCREMENT BY 1
    NO MINVALUE
    NO MAXVALUE
    CACHE 1
);


--
-- Name: auth_user; Type: TABLE; Schema: public; Owner: postgres
--

CREATE TABLE public.auth_user (
    id integer NOT NULL,
    password character varying(128) NOT NULL,
    last_login timestamp with time zone,
    is_superuser boolean NOT NULL,
    username character varying(150) NOT NULL,
    first_name character varying(150) NOT NULL,
    last_name character varying(150) NOT NULL,
    email character varying(254) NOT NULL,
    is_staff boolean NOT NULL,
    is_active boolean NOT NULL,
    date_joined timestamp with time zone NOT NULL
);


ALTER TABLE public.auth_user OWNER TO postgres;

--
-- Name: auth_user_groups; Type: TABLE; Schema: public; Owner: postgres
--

CREATE TABLE public.auth_user_groups (
    id bigint NOT NULL,
    user_id integer NOT NULL,
    group_id integer NOT NULL
);


ALTER TABLE public.auth_user_groups OWNER TO postgres;

--
-- Name: auth_user_groups_id_seq; Type: SEQUENCE; Schema: public; Owner: postgres
--

ALTER TABLE public.auth_user_groups ALTER COLUMN id ADD GENERATED BY DEFAULT AS IDENTITY (
    SEQUENCE NAME public.auth_user_groups_id_seq
    START WITH 1
    INCREMENT BY 1
    NO MINVALUE
    NO MAXVALUE
    CACHE 1
);


--
-- Name: auth_user_id_seq; Type: SEQUENCE; Schema: public; Owner: postgres
--

ALTER TABLE public.auth_user ALTER COLUMN id ADD GENERATED BY DEFAULT AS IDENTITY (
    SEQUENCE NAME public.auth_user_id_seq
    START WITH 1
    INCREMENT BY 1
    NO MINVALUE
    NO MAXVALUE
    CACHE 1
);


--
-- Name: auth_user_user_permissions; Type: TABLE; Schema: public; Owner: postgres
--

CREATE TABLE public.auth_user_user_permissions (
    id bigint NOT NULL,
    user_id integer NOT NULL,
    permission_id integer NOT NULL
);


ALTER TABLE public.auth_user_user_permissions OWNER TO postgres;

--
-- Name: auth_user_user_permissions_id_seq; Type: SEQUENCE; Schema: public; Owner: postgres
--

ALTER TABLE public.auth_user_user_permissions ALTER COLUMN id ADD GENERATED BY DEFAULT AS IDENTITY (
    SEQUENCE NAME public.auth_user_user_permissions_id_seq
    START WITH 1
    INCREMENT BY 1
    NO MINVALUE
    NO MAXVALUE
    CACHE 1
);


--
-- Name: django_admin_log; Type: TABLE; Schema: public; Owner: postgres
--

CREATE TABLE public.django_admin_log (
    id integer NOT NULL,
    action_time timestamp with time zone NOT NULL,
    object_id text,
    object_repr character varying(200) NOT NULL,
    action_flag smallint NOT NULL,
    change_message text NOT NULL,
    content_type_id integer,
    user_id integer NOT NULL,
    CONSTRAINT django_admin_log_action_flag_check CHECK ((action_flag >= 0))
);


ALTER TABLE public.django_admin_log OWNER TO postgres;

--
-- Name: django_admin_log_id_seq; Type: SEQUENCE; Schema: public; Owner: postgres
--

ALTER TABLE public.django_admin_log ALTER COLUMN id ADD GENERATED BY DEFAULT AS IDENTITY (
    SEQUENCE NAME public.django_admin_log_id_seq
    START WITH 1
    INCREMENT BY 1
    NO MINVALUE
    NO MAXVALUE
    CACHE 1
);


--
-- Name: django_content_type; Type: TABLE; Schema: public; Owner: postgres
--

CREATE TABLE public.django_content_type (
    id integer NOT NULL,
    app_label character varying(100) NOT NULL,
    model character varying(100) NOT NULL
);


ALTER TABLE public.django_content_type OWNER TO postgres;

--
-- Name: django_content_type_id_seq; Type: SEQUENCE; Schema: public; Owner: postgres
--

ALTER TABLE public.django_content_type ALTER COLUMN id ADD GENERATED BY DEFAULT AS IDENTITY (
    SEQUENCE NAME public.django_content_type_id_seq
    START WITH 1
    INCREMENT BY 1
    NO MINVALUE
    NO MAXVALUE
    CACHE 1
);


--
-- Name: django_migrations; Type: TABLE; Schema: public; Owner: postgres
--

CREATE TABLE public.django_migrations (
    id bigint NOT NULL,
    app character varying(255) NOT NULL,
    name character varying(255) NOT NULL,
    applied timestamp with time zone NOT NULL
);


ALTER TABLE public.django_migrations OWNER TO postgres;

--
-- Name: django_migrations_id_seq; Type: SEQUENCE; Schema: public; Owner: postgres
--

ALTER TABLE public.django_migrations ALTER COLUMN id ADD GENERATED BY DEFAULT AS IDENTITY (
    SEQUENCE NAME public.django_migrations_id_seq
    START WITH 1
    INCREMENT BY 1
    NO MINVALUE
    NO MAXVALUE
    CACHE 1
);


--
-- Name: django_session; Type: TABLE; Schema: public; Owner: postgres
--

CREATE TABLE public.django_session (
    session_key character varying(40) NOT NULL,
    session_data text NOT NULL,
    expire_date timestamp with time zone NOT NULL
);


ALTER TABLE public.django_session OWNER TO postgres;


-- Data for Name: genre; Type: TABLE DATA; Schema: content; Owner: postgres

COPY content.genre (id, name, description, created, modified) FROM stdin WITH CSV;
"3d8d9bf5-0d90-4353-88ba-4ccc5d2c07ff","Action",\N,"2021-06-16 20:14:09.309735","2021-06-16 20:14:09.309765"
"120a21cf-9097-479e-904a-13dd7198c1dd","Adventure",\N,"2021-06-16 20:14:09.309818","2021-06-16 20:14:09.309836"
"b92ef010-5e4c-4fd0-99d6-41b6456272cd","Fantasy",\N,"2021-06-16 20:14:09.309869","2021-06-16 20:14:09.309886"
"6c162475-c7ed-4461-9184-001ef3d9f26e","Sci-Fi",\N,"2021-06-16 20:14:09.309917","2021-06-16 20:14:09.309934"
"1cacff68-643e-4ddd-8f57-84b62538081a","Drama",\N,"2021-06-16 20:14:09.309965","2021-06-16 20:14:09.309981"
\.

-- Data for Name: film_work; Type: TABLE DATA; Schema: content; Owner: postgres

COPY content.film_work (id, title, description, creation_date, rating, type, created, modified) FROM stdin WITH CSV;
"111e8400-e29b-41d4-a716-446655440000","Криминальное чтиво","Фильм о гангстерах и роковом чемодане","1994-10-14",8.9,"movie","2025-03-21 12:00:00","2025-03-21 12:00:00"
"222e8400-e29b-41d4-a716-446655440001","Интерстеллар","Фильм, вдохновленный идеями физика Кипа Торна, исследует темы выживания человечества, родительской любви и парадоксов времени через призму релятивистской физики ...","2014-11-07",8.6,"movie","2025-03-21 12:00:00","2025-03-21 12:00:00"
\.

-- Data for Name: genre_film_work; Type: TABLE DATA; Schema: content; Owner: postgres

COPY content.genre_film_work (id, genre_id, film_work_id, created) FROM stdin WITH CSV;
"a1684d62-58c1-4784-914b-9028dcc67957","1cacff68-643e-4ddd-8f57-84b62538081a","111e8400-e29b-41d4-a716-446655440000","2025-03-21 12:00:00"
"c1684d62-58c1-4784-914b-9028dcc67958","6c162475-c7ed-4461-9184-001ef3d9f26e","222e8400-e29b-41d4-a716-446655440001","2025-03-21 12:00:00"
\.

-- Data for Name: person; Type: TABLE DATA; Schema: content; Owner: postgres

COPY content.person (id, full_name, created, modified) FROM stdin WITH CSV;
"550e8400-e29b-41d4-a716-446655440000","Квентин Тарантино","2025-03-21 12:00:00","2025-03-21 12:00:00"
"a1b2c3d4-e5f6-7890-abcd-ef1234567890","Мэттью Макконахи","2025-03-21 12:00:00","2025-03-21 12:00:00"
\.

-- Data for Name: person_film_work; Type: TABLE DATA; Schema: content; Owner: postgres

COPY content.person_film_work (id, person_id, film_work_id, role, created) FROM stdin WITH CSV;
"777e8400-e29b-41d4-a716-446655440000","550e8400-e29b-41d4-a716-446655440000","111e8400-e29b-41d4-a716-446655440000","director","2025-03-21 12:00:00"
"888e8400-e29b-41d4-a716-446655440001","a1b2c3d4-e5f6-7890-abcd-ef1234567890","222e8400-e29b-41d4-a716-446655440001","actor","2025-03-21 12:00:00"
\.



--
-- Data for Name: auth_group; Type: TABLE DATA; Schema: public; Owner: postgres
--

COPY public.auth_group (id, name) FROM stdin;
\.


--
-- Data for Name: auth_group_permissions; Type: TABLE DATA; Schema: public; Owner: postgres
--

COPY public.auth_group_permissions (id, group_id, permission_id) FROM stdin;
\.


--
-- Data for Name: auth_permission; Type: TABLE DATA; Schema: public; Owner: postgres
--

COPY public.auth_permission (id, name, content_type_id, codename) FROM stdin;
1	Can add log entry	1	add_logentry
2	Can change log entry	1	change_logentry
3	Can delete log entry	1	delete_logentry
4	Can view log entry	1	view_logentry
5	Can add permission	2	add_permission
6	Can change permission	2	change_permission
7	Can delete permission	2	delete_permission
8	Can view permission	2	view_permission
9	Can add group	3	add_group
10	Can change group	3	change_group
11	Can delete group	3	delete_group
12	Can view group	3	view_group
13	Can add user	4	add_user
14	Can change user	4	change_user
15	Can delete user	4	delete_user
16	Can view user	4	view_user
17	Can add content type	5	add_contenttype
18	Can change content type	5	change_contenttype
19	Can delete content type	5	delete_contenttype
20	Can view content type	5	view_contenttype
21	Can add session	6	add_session
22	Can change session	6	change_session
23	Can delete session	6	delete_session
24	Can view session	6	view_session
25	Can add film	7	add_filmwork
26	Can change film	7	change_filmwork
27	Can delete film	7	delete_filmwork
28	Can view film	7	view_filmwork
29	Can add genre	8	add_genre
30	Can change genre	8	change_genre
31	Can delete genre	8	delete_genre
32	Can view genre	8	view_genre
33	Can add person	9	add_person
34	Can change person	9	change_person
35	Can delete person	9	delete_person
36	Can view person	9	view_person
37	Can add genre	10	add_genrefilmwork
38	Can change genre	10	change_genrefilmwork
39	Can delete genre	10	delete_genrefilmwork
40	Can view genre	10	view_genrefilmwork
41	Can add person	11	add_personfilmwork
42	Can change person	11	change_personfilmwork
43	Can delete person	11	delete_personfilmwork
44	Can view person	11	view_personfilmwork
\.


--
-- Data for Name: auth_user; Type: TABLE DATA; Schema: public; Owner: postgres
--

COPY public.auth_user (id, password, last_login, is_superuser, username, first_name, last_name, email, is_staff, is_active, date_joined) FROM stdin;
1	pbkdf2_sha256$720000$wN5sRk3pOU65lz3WY12TF3$Ddzd3qcx3HmaspPJBoktEA99C3CVsJnqwjbs1woEcac=	2024-06-07 10:44:49.655217+00	t	admin			mail@mail.ru	t	t	2024-06-07 10:41:18.836173+00
\.


--
-- Data for Name: auth_user_groups; Type: TABLE DATA; Schema: public; Owner: postgres
--

COPY public.auth_user_groups (id, user_id, group_id) FROM stdin;
\.


--
-- Data for Name: auth_user_user_permissions; Type: TABLE DATA; Schema: public; Owner: postgres
--

COPY public.auth_user_user_permissions (id, user_id, permission_id) FROM stdin;
\.


--
-- Data for Name: django_admin_log; Type: TABLE DATA; Schema: public; Owner: postgres
--

COPY public.django_admin_log (id, action_time, object_id, object_repr, action_flag, change_message, content_type_id, user_id) FROM stdin;
\.


--
-- Data for Name: django_content_type; Type: TABLE DATA; Schema: public; Owner: postgres
--

COPY public.django_content_type (id, app_label, model) FROM stdin;
1	admin	logentry
2	auth	permission
3	auth	group
4	auth	user
5	contenttypes	contenttype
6	sessions	session
7	movies	filmwork
8	movies	genre
9	movies	person
10	movies	genrefilmwork
11	movies	personfilmwork
\.


--
-- Data for Name: django_migrations; Type: TABLE DATA; Schema: public; Owner: postgres
--

COPY public.django_migrations (id, app, name, applied) FROM stdin;
1	contenttypes	0001_initial	2024-06-07 10:39:52.099123+00
2	auth	0001_initial	2024-06-07 10:39:52.148495+00
3	admin	0001_initial	2024-06-07 10:39:52.164126+00
4	admin	0002_logentry_remove_auto_add	2024-06-07 10:39:52.169061+00
5	admin	0003_logentry_add_action_flag_choices	2024-06-07 10:39:52.174424+00
6	contenttypes	0002_remove_content_type_name	2024-06-07 10:39:52.186387+00
7	auth	0002_alter_permission_name_max_length	2024-06-07 10:39:52.191054+00
8	auth	0003_alter_user_email_max_length	2024-06-07 10:39:52.196085+00
9	auth	0004_alter_user_username_opts	2024-06-07 10:39:52.200909+00
10	auth	0005_alter_user_last_login_null	2024-06-07 10:39:52.20625+00
11	auth	0006_require_contenttypes_0002	2024-06-07 10:39:52.207362+00
12	auth	0007_alter_validators_add_error_messages	2024-06-07 10:39:52.211784+00
13	auth	0008_alter_user_username_max_length	2024-06-07 10:39:52.219627+00
14	auth	0009_alter_user_last_name_max_length	2024-06-07 10:39:52.224782+00
15	auth	0010_alter_group_name_max_length	2024-06-07 10:39:52.231276+00
16	auth	0011_update_proxy_permissions	2024-06-07 10:39:52.235171+00
17	auth	0012_alter_user_first_name_max_length	2024-06-07 10:39:52.241096+00
18	movies	0001_initial	2024-06-07 10:42:29.129058+00
19	sessions	0001_initial	2024-06-07 10:42:30.542793+00
\.


--
-- Data for Name: django_session; Type: TABLE DATA; Schema: public; Owner: postgres
--

COPY public.django_session (session_key, session_data, expire_date) FROM stdin;
9ow0ehxbzgd3uvt8ol0fsb2y2toq3pm4	.eJxVjMEOwiAQRP-FsyFsWaH16N1vaGB3kaqBpLQn47_bJj3ocea9mbcaw7rkcW0yjxOriwJ1-u1ioKeUHfAjlHvVVMsyT1Hvij5o07fK8roe7t9BDi1v6w4tACUQYBco-mQILKGh4Rx7QERj0CbDEqFnYm87t0UaBNGRZ6c-X9vdN7U:1sFX5V:B6W1csKWnpwgA7Fsh7NiTTvTUu6QQ5JDWBUUvRlBL1g	2024-06-21 10:44:49.658159+00
\.


--
-- Name: auth_group_id_seq; Type: SEQUENCE SET; Schema: public; Owner: postgres
--

SELECT pg_catalog.setval('public.auth_group_id_seq', 1, false);


--
-- Name: auth_group_permissions_id_seq; Type: SEQUENCE SET; Schema: public; Owner: postgres
--

SELECT pg_catalog.setval('public.auth_group_permissions_id_seq', 1, false);


--
-- Name: auth_permission_id_seq; Type: SEQUENCE SET; Schema: public; Owner: postgres
--

SELECT pg_catalog.setval('public.auth_permission_id_seq', 44, true);


--
-- Name: auth_user_groups_id_seq; Type: SEQUENCE SET; Schema: public; Owner: postgres
--

SELECT pg_catalog.setval('public.auth_user_groups_id_seq', 1, false);


--
-- Name: auth_user_id_seq; Type: SEQUENCE SET; Schema: public; Owner: postgres
--

SELECT pg_catalog.setval('public.auth_user_id_seq', 1, true);


--
-- Name: auth_user_user_permissions_id_seq; Type: SEQUENCE SET; Schema: public; Owner: postgres
--

SELECT pg_catalog.setval('public.auth_user_user_permissions_id_seq', 1, false);


--
-- Name: django_admin_log_id_seq; Type: SEQUENCE SET; Schema: public; Owner: postgres
--

SELECT pg_catalog.setval('public.django_admin_log_id_seq', 1, false);


--
-- Name: django_content_type_id_seq; Type: SEQUENCE SET; Schema: public; Owner: postgres
--

SELECT pg_catalog.setval('public.django_content_type_id_seq', 11, true);


--
-- Name: django_migrations_id_seq; Type: SEQUENCE SET; Schema: public; Owner: postgres
--

SELECT pg_catalog.setval('public.django_migrations_id_seq', 19, true);


--
-- Name: film_work film_work_pkey; Type: CONSTRAINT; Schema: content; Owner: postgres
--

ALTER TABLE ONLY content.film_work
    ADD CONSTRAINT film_work_pkey PRIMARY KEY (id);


--
-- Name: genre_film_work genre_film_work_pkey; Type: CONSTRAINT; Schema: content; Owner: postgres
--

ALTER TABLE ONLY content.genre_film_work
    ADD CONSTRAINT genre_film_work_pkey PRIMARY KEY (id);


--
-- Name: genre genre_pkey; Type: CONSTRAINT; Schema: content; Owner: postgres
--

ALTER TABLE ONLY content.genre
    ADD CONSTRAINT genre_pkey PRIMARY KEY (id);


--
-- Name: person_film_work person_film_work_pkey; Type: CONSTRAINT; Schema: content; Owner: postgres
--

ALTER TABLE ONLY content.person_film_work
    ADD CONSTRAINT person_film_work_pkey PRIMARY KEY (id);


--
-- Name: person person_pkey; Type: CONSTRAINT; Schema: content; Owner: postgres
--

ALTER TABLE ONLY content.person
    ADD CONSTRAINT person_pkey PRIMARY KEY (id);


--
-- Name: auth_group auth_group_name_key; Type: CONSTRAINT; Schema: public; Owner: postgres
--

ALTER TABLE ONLY public.auth_group
    ADD CONSTRAINT auth_group_name_key UNIQUE (name);


--
-- Name: auth_group_permissions auth_group_permissions_group_id_permission_id_0cd325b0_uniq; Type: CONSTRAINT; Schema: public; Owner: postgres
--

ALTER TABLE ONLY public.auth_group_permissions
    ADD CONSTRAINT auth_group_permissions_group_id_permission_id_0cd325b0_uniq UNIQUE (group_id, permission_id);


--
-- Name: auth_group_permissions auth_group_permissions_pkey; Type: CONSTRAINT; Schema: public; Owner: postgres
--

ALTER TABLE ONLY public.auth_group_permissions
    ADD CONSTRAINT auth_group_permissions_pkey PRIMARY KEY (id);


--
-- Name: auth_group auth_group_pkey; Type: CONSTRAINT; Schema: public; Owner: postgres
--

ALTER TABLE ONLY public.auth_group
    ADD CONSTRAINT auth_group_pkey PRIMARY KEY (id);


--
-- Name: auth_permission auth_permission_content_type_id_codename_01ab375a_uniq; Type: CONSTRAINT; Schema: public; Owner: postgres
--

ALTER TABLE ONLY public.auth_permission
    ADD CONSTRAINT auth_permission_content_type_id_codename_01ab375a_uniq UNIQUE (content_type_id, codename);


--
-- Name: auth_permission auth_permission_pkey; Type: CONSTRAINT; Schema: public; Owner: postgres
--

ALTER TABLE ONLY public.auth_permission
    ADD CONSTRAINT auth_permission_pkey PRIMARY KEY (id);


--
-- Name: auth_user_groups auth_user_groups_pkey; Type: CONSTRAINT; Schema: public; Owner: postgres
--

ALTER TABLE ONLY public.auth_user_groups
    ADD CONSTRAINT auth_user_groups_pkey PRIMARY KEY (id);


--
-- Name: auth_user_groups auth_user_groups_user_id_group_id_94350c0c_uniq; Type: CONSTRAINT; Schema: public; Owner: postgres
--

ALTER TABLE ONLY public.auth_user_groups
    ADD CONSTRAINT auth_user_groups_user_id_group_id_94350c0c_uniq UNIQUE (user_id, group_id);


--
-- Name: auth_user auth_user_pkey; Type: CONSTRAINT; Schema: public; Owner: postgres
--

ALTER TABLE ONLY public.auth_user
    ADD CONSTRAINT auth_user_pkey PRIMARY KEY (id);


--
-- Name: auth_user_user_permissions auth_user_user_permissions_pkey; Type: CONSTRAINT; Schema: public; Owner: postgres
--

ALTER TABLE ONLY public.auth_user_user_permissions
    ADD CONSTRAINT auth_user_user_permissions_pkey PRIMARY KEY (id);


--
-- Name: auth_user_user_permissions auth_user_user_permissions_user_id_permission_id_14a6b632_uniq; Type: CONSTRAINT; Schema: public; Owner: postgres
--

ALTER TABLE ONLY public.auth_user_user_permissions
    ADD CONSTRAINT auth_user_user_permissions_user_id_permission_id_14a6b632_uniq UNIQUE (user_id, permission_id);


--
-- Name: auth_user auth_user_username_key; Type: CONSTRAINT; Schema: public; Owner: postgres
--

ALTER TABLE ONLY public.auth_user
    ADD CONSTRAINT auth_user_username_key UNIQUE (username);


--
-- Name: django_admin_log django_admin_log_pkey; Type: CONSTRAINT; Schema: public; Owner: postgres
--

ALTER TABLE ONLY public.django_admin_log
    ADD CONSTRAINT django_admin_log_pkey PRIMARY KEY (id);


--
-- Name: django_content_type django_content_type_app_label_model_76bd3d3b_uniq; Type: CONSTRAINT; Schema: public; Owner: postgres
--

ALTER TABLE ONLY public.django_content_type
    ADD CONSTRAINT django_content_type_app_label_model_76bd3d3b_uniq UNIQUE (app_label, model);


--
-- Name: django_content_type django_content_type_pkey; Type: CONSTRAINT; Schema: public; Owner: postgres
--

ALTER TABLE ONLY public.django_content_type
    ADD CONSTRAINT django_content_type_pkey PRIMARY KEY (id);


--
-- Name: django_migrations django_migrations_pkey; Type: CONSTRAINT; Schema: public; Owner: postgres
--

ALTER TABLE ONLY public.django_migrations
    ADD CONSTRAINT django_migrations_pkey PRIMARY KEY (id);


--
-- Name: django_session django_session_pkey; Type: CONSTRAINT; Schema: public; Owner: postgres
--

ALTER TABLE ONLY public.django_session
    ADD CONSTRAINT django_session_pkey PRIMARY KEY (session_key);


--
-- Name: film_work_creation_rating_idx; Type: INDEX; Schema: content; Owner: postgres
--

CREATE INDEX film_work_creation_rating_idx ON content.film_work USING btree (creation_date, rating);


--
-- Name: film_work_genre_idx; Type: INDEX; Schema: content; Owner: postgres
--

CREATE UNIQUE INDEX film_work_genre_idx ON content.genre_film_work USING btree (film_work_id, genre_id);


--
-- Name: film_work_person_role_idx; Type: INDEX; Schema: content; Owner: postgres
--

CREATE UNIQUE INDEX film_work_person_role_idx ON content.person_film_work USING btree (film_work_id, person_id, role);


--
-- Name: auth_group_name_a6ea08ec_like; Type: INDEX; Schema: public; Owner: postgres
--

CREATE INDEX auth_group_name_a6ea08ec_like ON public.auth_group USING btree (name varchar_pattern_ops);


--
-- Name: auth_group_permissions_group_id_b120cbf9; Type: INDEX; Schema: public; Owner: postgres
--

CREATE INDEX auth_group_permissions_group_id_b120cbf9 ON public.auth_group_permissions USING btree (group_id);


--
-- Name: auth_group_permissions_permission_id_84c5c92e; Type: INDEX; Schema: public; Owner: postgres
--

CREATE INDEX auth_group_permissions_permission_id_84c5c92e ON public.auth_group_permissions USING btree (permission_id);


--
-- Name: auth_permission_content_type_id_2f476e4b; Type: INDEX; Schema: public; Owner: postgres
--

CREATE INDEX auth_permission_content_type_id_2f476e4b ON public.auth_permission USING btree (content_type_id);


--
-- Name: auth_user_groups_group_id_97559544; Type: INDEX; Schema: public; Owner: postgres
--

CREATE INDEX auth_user_groups_group_id_97559544 ON public.auth_user_groups USING btree (group_id);


--
-- Name: auth_user_groups_user_id_6a12ed8b; Type: INDEX; Schema: public; Owner: postgres
--

CREATE INDEX auth_user_groups_user_id_6a12ed8b ON public.auth_user_groups USING btree (user_id);


--
-- Name: auth_user_user_permissions_permission_id_1fbb5f2c; Type: INDEX; Schema: public; Owner: postgres
--

CREATE INDEX auth_user_user_permissions_permission_id_1fbb5f2c ON public.auth_user_user_permissions USING btree (permission_id);


--
-- Name: auth_user_user_permissions_user_id_a95ead1b; Type: INDEX; Schema: public; Owner: postgres
--

CREATE INDEX auth_user_user_permissions_user_id_a95ead1b ON public.auth_user_user_permissions USING btree (user_id);


--
-- Name: auth_user_username_6821ab7c_like; Type: INDEX; Schema: public; Owner: postgres
--

CREATE INDEX auth_user_username_6821ab7c_like ON public.auth_user USING btree (username varchar_pattern_ops);


--
-- Name: django_admin_log_content_type_id_c4bce8eb; Type: INDEX; Schema: public; Owner: postgres
--

CREATE INDEX django_admin_log_content_type_id_c4bce8eb ON public.django_admin_log USING btree (content_type_id);


--
-- Name: django_admin_log_user_id_c564eba6; Type: INDEX; Schema: public; Owner: postgres
--

CREATE INDEX django_admin_log_user_id_c564eba6 ON public.django_admin_log USING btree (user_id);


--
-- Name: django_session_expire_date_a5c62663; Type: INDEX; Schema: public; Owner: postgres
--

CREATE INDEX django_session_expire_date_a5c62663 ON public.django_session USING btree (expire_date);


--
-- Name: django_session_session_key_c0390e0f_like; Type: INDEX; Schema: public; Owner: postgres
--

CREATE INDEX django_session_session_key_c0390e0f_like ON public.django_session USING btree (session_key varchar_pattern_ops);


--
-- Name: genre_film_work fk_gfw_film_work_id; Type: FK CONSTRAINT; Schema: content; Owner: postgres
--

ALTER TABLE ONLY content.genre_film_work
    ADD CONSTRAINT fk_gfw_film_work_id FOREIGN KEY (film_work_id) REFERENCES content.film_work(id) ON DELETE CASCADE;


--
-- Name: genre_film_work fk_gfw_genre_id; Type: FK CONSTRAINT; Schema: content; Owner: postgres
--

ALTER TABLE ONLY content.genre_film_work
    ADD CONSTRAINT fk_gfw_genre_id FOREIGN KEY (genre_id) REFERENCES content.genre(id) ON DELETE CASCADE;


--
-- Name: person_film_work fk_pfw_film_work_id; Type: FK CONSTRAINT; Schema: content; Owner: postgres
--

ALTER TABLE ONLY content.person_film_work
    ADD CONSTRAINT fk_pfw_film_work_id FOREIGN KEY (film_work_id) REFERENCES content.film_work(id) ON DELETE CASCADE;


--
-- Name: person_film_work fk_pfw_person_id; Type: FK CONSTRAINT; Schema: content; Owner: postgres
--

ALTER TABLE ONLY content.person_film_work
    ADD CONSTRAINT fk_pfw_person_id FOREIGN KEY (person_id) REFERENCES content.person(id) ON DELETE CASCADE;


--
-- Name: auth_group_permissions auth_group_permissio_permission_id_84c5c92e_fk_auth_perm; Type: FK CONSTRAINT; Schema: public; Owner: postgres
--

ALTER TABLE ONLY public.auth_group_permissions
    ADD CONSTRAINT auth_group_permissio_permission_id_84c5c92e_fk_auth_perm FOREIGN KEY (permission_id) REFERENCES public.auth_permission(id) DEFERRABLE INITIALLY DEFERRED;


--
-- Name: auth_group_permissions auth_group_permissions_group_id_b120cbf9_fk_auth_group_id; Type: FK CONSTRAINT; Schema: public; Owner: postgres
--

ALTER TABLE ONLY public.auth_group_permissions
    ADD CONSTRAINT auth_group_permissions_group_id_b120cbf9_fk_auth_group_id FOREIGN KEY (group_id) REFERENCES public.auth_group(id) DEFERRABLE INITIALLY DEFERRED;


--
-- Name: auth_permission auth_permission_content_type_id_2f476e4b_fk_django_co; Type: FK CONSTRAINT; Schema: public; Owner: postgres
--

ALTER TABLE ONLY public.auth_permission
    ADD CONSTRAINT auth_permission_content_type_id_2f476e4b_fk_django_co FOREIGN KEY (content_type_id) REFERENCES public.django_content_type(id) DEFERRABLE INITIALLY DEFERRED;


--
-- Name: auth_user_groups auth_user_groups_group_id_97559544_fk_auth_group_id; Type: FK CONSTRAINT; Schema: public; Owner: postgres
--

ALTER TABLE ONLY public.auth_user_groups
    ADD CONSTRAINT auth_user_groups_group_id_97559544_fk_auth_group_id FOREIGN KEY (group_id) REFERENCES public.auth_group(id) DEFERRABLE INITIALLY DEFERRED;


--
-- Name: auth_user_groups auth_user_groups_user_id_6a12ed8b_fk_auth_user_id; Type: FK CONSTRAINT; Schema: public; Owner: postgres
--

ALTER TABLE ONLY public.auth_user_groups
    ADD CONSTRAINT auth_user_groups_user_id_6a12ed8b_fk_auth_user_id FOREIGN KEY (user_id) REFERENCES public.auth_user(id) DEFERRABLE INITIALLY DEFERRED;


--
-- Name: auth_user_user_permissions auth_user_user_permi_permission_id_1fbb5f2c_fk_auth_perm; Type: FK CONSTRAINT; Schema: public; Owner: postgres
--

ALTER TABLE ONLY public.auth_user_user_permissions
    ADD CONSTRAINT auth_user_user_permi_permission_id_1fbb5f2c_fk_auth_perm FOREIGN KEY (permission_id) REFERENCES public.auth_permission(id) DEFERRABLE INITIALLY DEFERRED;


--
-- Name: auth_user_user_permissions auth_user_user_permissions_user_id_a95ead1b_fk_auth_user_id; Type: FK CONSTRAINT; Schema: public; Owner: postgres
--

ALTER TABLE ONLY public.auth_user_user_permissions
    ADD CONSTRAINT auth_user_user_permissions_user_id_a95ead1b_fk_auth_user_id FOREIGN KEY (user_id) REFERENCES public.auth_user(id) DEFERRABLE INITIALLY DEFERRED;


--
-- Name: django_admin_log django_admin_log_content_type_id_c4bce8eb_fk_django_co; Type: FK CONSTRAINT; Schema: public; Owner: postgres
--

ALTER TABLE ONLY public.django_admin_log
    ADD CONSTRAINT django_admin_log_content_type_id_c4bce8eb_fk_django_co FOREIGN KEY (content_type_id) REFERENCES public.django_content_type(id) DEFERRABLE INITIALLY DEFERRED;


--
-- Name: django_admin_log django_admin_log_user_id_c564eba6_fk_auth_user_id; Type: FK CONSTRAINT; Schema: public; Owner: postgres
--

ALTER TABLE ONLY public.django_admin_log
    ADD CONSTRAINT django_admin_log_user_id_c564eba6_fk_auth_user_id FOREIGN KEY (user_id) REFERENCES public.auth_user(id) DEFERRABLE INITIALLY DEFERRED;


--
-- PostgreSQL database dump complete
--

--
-- PostgreSQL database cluster dump complete
--

